block,number_turns_equality,speaking_duration_equality,norm_num_overlaps
0,74.43450723803171,76.89426446539201,1.05
1,64.92149730369987,93.39888838532666,1.25
2,50.261187265785736,65.41487636154889,1.4000000000000001
3,124.84365222148864,136.487531129573,0.32608695652173914
