block,number_turns_equality,speaking_duration_equality,norm_num_overlaps
0,63.43057228182637,80.56796745895369,1.65
1,67.5495471465063,94.97058873593362,1.5
2,49.847438745538184,71.51384590350365,2.4
3,109.22373625455005,168.441641826125,0.6521739130434783
