block,number_turns_equality,speaking_duration_equality,norm_num_overlaps
0,65.27139518645055,85.75251223137056,0.2
1,67.13943174902572,78.51185618549361,0.44999999999999996
2,59.71123930019735,95.80560641862925,0.7000000000000001
3,58.23232315653921,119.23761408243743,0.6521739130434783
